"Model","Table","Relation","Target model","FK columns","Referenced columns","Schema onDelete","Schema onUpdate","Migration onDelete","Migration onUpdate","Migration file","Composite tenant FK"
"Company","companies","baseCurrency","Currency","base_currency_code","code","implicit","implicit","RESTRICT","CASCADE","20260831180000_initial/migration.sql","N/A"
"Branch","branches","company","Company","company_id","id","Restrict","implicit","RESTRICT","CASCADE","20260831180000_initial/migration.sql","NOT FOUND"
"Warehouse","warehouses","company","Company","company_id","id","Restrict","implicit","RESTRICT","CASCADE","20260831180000_initial/migration.sql","NOT FOUND"
"Warehouse","warehouses","branch","Branch","branch_id","id","implicit","implicit","RESTRICT","CASCADE","20260831180000_initial/migration.sql","present"
"ExchangeRate","exchange_rates","company","Company","company_id","id","Restrict","implicit","RESTRICT","CASCADE","20260831180000_initial/migration.sql","NOT FOUND"
"ExchangeRate","exchange_rates","currency","Currency","currency_code","code","implicit","implicit","RESTRICT","CASCADE","20260831180000_initial/migration.sql","N/A"
"ExchangeRate","exchange_rates","approver","User","approved_by","id","implicit","implicit","SET NULL","CASCADE","20260831180000_initial/migration.sql","present"
"CompanyDomain","company_domains","company","Company","company_id","id","Restrict","implicit","RESTRICT","CASCADE","20260831180000_initial/migration.sql","NOT FOUND"
"User","users","company","Company","company_id","id","Restrict","implicit","RESTRICT","CASCADE","20260831180000_initial/migration.sql","NOT FOUND"
"User","users","primaryBranch","Branch","primary_branch_id","id","implicit","implicit","SET NULL","CASCADE","20260831180000_initial/migration.sql","present"
"Role","roles","company","Company","company_id","id","Restrict","implicit","RESTRICT","CASCADE","20260831180000_initial/migration.sql","NOT FOUND"
"RolePermission","role_permissions","role","Role","role_id","id","Cascade","implicit","CASCADE","CASCADE","20260831180000_initial/migration.sql","N/A"
"RolePermission","role_permissions","permission","Permission","permission_id","id","Cascade","implicit","CASCADE","CASCADE","20260831180000_initial/migration.sql","N/A"
"UserRole","user_roles","user","User","user_id","id","Cascade","implicit","CASCADE","CASCADE","20260831180000_initial/migration.sql","N/A"
"UserRole","user_roles","role","Role","role_id","id","Cascade","implicit","CASCADE","CASCADE","20260831180000_initial/migration.sql","N/A"
"UserBranchAccess","user_branch_access","user","User","user_id","id","Cascade","implicit","CASCADE","CASCADE","20260831180000_initial/migration.sql","N/A"
"UserBranchAccess","user_branch_access","branch","Branch","branch_id","id","Cascade","implicit","CASCADE","CASCADE","20260831180000_initial/migration.sql","N/A"
"Device","devices","company","Company","company_id","id","Restrict","implicit","RESTRICT","CASCADE","20260831180000_initial/migration.sql","NOT FOUND"
"Device","devices","branch","Branch","branch_id","id","implicit","implicit","RESTRICT","CASCADE","20260831180000_initial/migration.sql","present"
"Device","devices","registeredByUser","User","registered_by","id","implicit","implicit","RESTRICT","CASCADE","20260831180000_initial/migration.sql","present"
"RefreshToken","refresh_tokens","company","Company","company_id","id","Restrict","implicit","RESTRICT","CASCADE","20260831180000_initial/migration.sql","NOT FOUND"
"RefreshToken","refresh_tokens","user","User","user_id","id","Cascade","implicit","CASCADE","CASCADE","20260831180000_initial/migration.sql","present"
"RefreshToken","refresh_tokens","device","Device","device_id","id","implicit","implicit","SET NULL","CASCADE","20260831180000_initial/migration.sql","present"
"RefreshToken","refresh_tokens","rotatedFrom","RefreshToken","rotated_from_id","id","implicit","implicit","SET NULL","CASCADE","20260831180000_initial/migration.sql","present"
"SecurityEvent","security_events","company","Company","company_id","id","Restrict","implicit","RESTRICT","CASCADE","20260831180000_initial/migration.sql","NOT FOUND"
"SecurityEvent","security_events","user","User","user_id","id","implicit","implicit","SET NULL","CASCADE","20260831180000_initial/migration.sql","present"
"SecurityEvent","security_events","device","Device","device_id","id","implicit","implicit","SET NULL","CASCADE","20260831180000_initial/migration.sql","present"
"WebAuthnCredential","webauthn_credentials","company","Company","company_id","id","Restrict","implicit","RESTRICT","CASCADE","20260831180000_initial/migration.sql","NOT FOUND"
"WebAuthnCredential","webauthn_credentials","user","User","user_id","id","Cascade","implicit","CASCADE","CASCADE","20260831180000_initial/migration.sql","present"
"WebAuthnChallenge","webauthn_challenges","company","Company","company_id","id","Restrict","implicit","RESTRICT","CASCADE","20260831180000_initial/migration.sql","NOT FOUND"
"WebAuthnChallenge","webauthn_challenges","user","User","user_id","id","implicit","implicit","SET NULL","CASCADE","20260831180000_initial/migration.sql","present"
"DocumentSequence","document_sequences","company","Company","company_id","id","Restrict","implicit","RESTRICT","CASCADE","20260831180000_initial/migration.sql","NOT FOUND"
"DocumentSequence","document_sequences","branch","Branch","branch_id","id","Restrict","Restrict","RESTRICT","RESTRICT","20260831180000_initial/migration.sql","present"
"DocumentNumberLease","document_number_leases","company","Company","company_id","id","Restrict","implicit","RESTRICT","CASCADE","20260831180000_initial/migration.sql","NOT FOUND"
"DocumentNumberLease","document_number_leases","branch","Branch","branch_id","id","implicit","implicit","RESTRICT","CASCADE","20260831180000_initial/migration.sql","present"
"DocumentNumberLease","document_number_leases","device","Device","device_id","id","implicit","implicit","RESTRICT","CASCADE","20260831180000_initial/migration.sql","present"
"IdempotencyRequest","idempotency_requests","company","Company","company_id","id","Restrict","implicit","RESTRICT","CASCADE","20260831180000_initial/migration.sql","NOT FOUND"
"BusinessEvent","business_events","company","Company","company_id","id","Restrict","implicit","RESTRICT","CASCADE","20260831180000_initial/migration.sql","NOT FOUND"
"DocumentExchangeRate","document_exchange_rates","currency","Currency","currency_code","code","implicit","implicit","RESTRICT","CASCADE","20260831180000_initial/migration.sql","N/A"
"AuditLog","audit_logs","company","Company","company_id","id","Restrict","implicit","RESTRICT","CASCADE","20260831180000_initial/migration.sql","NOT FOUND"
"AuditLog","audit_logs","user","User","user_id","id","implicit","implicit","SET NULL","CASCADE","20260831180000_initial/migration.sql","present"
"AuditLog","audit_logs","device","Device","device_id","id","implicit","implicit","SET NULL","CASCADE","20260831180000_initial/migration.sql","present"
"ApprovalRequest","approval_requests","company","Company","company_id","id","Restrict","implicit","RESTRICT","CASCADE","20260831180000_initial/migration.sql","NOT FOUND"
"ApprovalRequest","approval_requests","branch","Branch","branch_id","id","implicit","implicit","SET NULL","CASCADE","20260831180000_initial/migration.sql","present"
"ApprovalRequest","approval_requests","requestedByUser","User","requested_by","id","implicit","implicit","RESTRICT","CASCADE","20260831180000_initial/migration.sql","present"
"ApprovalRequest","approval_requests","approvedByUser","User","approved_by","id","implicit","implicit","SET NULL","CASCADE","20260831180000_initial/migration.sql","present"
"ApprovalRequest","approval_requests","waivedByUser","User","waived_by","id","implicit","implicit","SET NULL","CASCADE","20260831180000_initial/migration.sql","present"
"StatutoryDocument","statutory_documents","company","Company","company_id","id","Restrict","implicit","RESTRICT","CASCADE","20260831180000_initial/migration.sql","NOT FOUND"
"StatutoryDocument","statutory_documents","branch","Branch","branch_id","id","implicit","implicit","RESTRICT","CASCADE","20260831180000_initial/migration.sql","present"
"StatutoryDocument","statutory_documents","issuedByUser","User","issued_by","id","implicit","implicit","SET NULL","CASCADE","20260831180000_initial/migration.sql","present"
"StatutoryDocument","statutory_documents","replacementOf","StatutoryDocument","replacement_of_id","id","implicit","implicit","SET NULL","CASCADE","20260831180000_initial/migration.sql","present"
"TaxReturnPeriod","tax_return_periods","company","Company","company_id","id","Restrict","implicit","RESTRICT","CASCADE","20260831180000_initial/migration.sql","NOT FOUND"
"TaxReturnPeriod","tax_return_periods","preparedDocument","StatutoryDocument","prepared_document_id","id","implicit","implicit","SET NULL","CASCADE","20260831180000_initial/migration.sql","present"
"ReconciliationRun","reconciliation_runs","company","Company","company_id","id","Restrict","implicit","RESTRICT","CASCADE","20260831180000_initial/migration.sql","NOT FOUND"
"ReconciliationRun","reconciliation_runs","initiatedByUser","User","initiated_by","id","implicit","implicit","SET NULL","CASCADE","20260831180000_initial/migration.sql","present"
"ReconciliationFinding","reconciliation_findings","company","Company","company_id","id","Restrict","implicit","RESTRICT","CASCADE","20260831180000_initial/migration.sql","NOT FOUND"
"ReconciliationFinding","reconciliation_findings","reconciliationRun","ReconciliationRun","reconciliation_run_id","id","implicit","implicit","RESTRICT","CASCADE","20260831180000_initial/migration.sql","present"
"ReconciliationFinding","reconciliation_findings","branch","Branch","branch_id","id","implicit","implicit","SET NULL","CASCADE","20260831180000_initial/migration.sql","present"
"ReconciliationFinding","reconciliation_findings","resolvedByUser","User","resolved_by","id","implicit","implicit","SET NULL","CASCADE","20260831180000_initial/migration.sql","present"
"RecoveryEpoch","recovery_epochs","company","Company","company_id","id","Restrict","implicit","RESTRICT","CASCADE","20260831180000_initial/migration.sql","NOT FOUND"
"IntegrationCredential","integration_credentials","company","Company","company_id","id","Restrict","implicit","RESTRICT","CASCADE","20260831180000_initial/migration.sql","NOT FOUND"
"IntegrationCredential","integration_credentials","creator","User","created_by","id","implicit","implicit","RESTRICT","CASCADE","20260831180000_initial/migration.sql","present"
"Category","categories","company","Company","company_id","id","Restrict","implicit","RESTRICT","CASCADE","20260831180000_initial/migration.sql","NOT FOUND"
"Category","categories","parent","Category","parent_id","id","Restrict","Restrict","RESTRICT","RESTRICT","20260831180000_initial/migration.sql","present"
"Brand","brands","company","Company","company_id","id","Restrict","implicit","RESTRICT","CASCADE","20260831180000_initial/migration.sql","NOT FOUND"
"Unit","units","company","Company","company_id","id","Restrict","implicit","RESTRICT","CASCADE","20260831180000_initial/migration.sql","NOT FOUND"
"Unit","units","baseUnit","Unit","base_unit_id","id","implicit","implicit","SET NULL","CASCADE","20260831180000_initial/migration.sql","present"
"CustomerGroup","customer_groups","company","Company","company_id","id","Restrict","implicit","RESTRICT","CASCADE","20260831180000_initial/migration.sql","NOT FOUND"
"Product","products","company","Company","company_id","id","Restrict","implicit","RESTRICT","CASCADE","20260831180000_initial/migration.sql","NOT FOUND"
"Product","products","category","Category","category_id","id","implicit","implicit","RESTRICT","CASCADE","20260831180000_initial/migration.sql","present"
"Product","products","brand","Brand","brand_id","id","implicit","implicit","SET NULL","CASCADE","20260831180000_initial/migration.sql","present"
"Product","products","unit","Unit","unit_id","id","implicit","implicit","RESTRICT","CASCADE","20260831180000_initial/migration.sql","present"
"Product","products","defaultTaxCode","TaxCode","default_tax_code_id","id","implicit","implicit","SET NULL","CASCADE","20260831180000_initial/migration.sql","present"
"MediaAsset","media_assets","company","Company","company_id","id","Restrict","implicit","RESTRICT","CASCADE","20260831180000_initial/migration.sql","NOT FOUND"
"MediaAsset","media_assets","creator","User","created_by","id","implicit","implicit","RESTRICT","CASCADE","20260831180000_initial/migration.sql","present"
"EntityMediaLink","entity_media_links","company","Company","company_id","id","Restrict","implicit","RESTRICT","CASCADE","20260831180000_initial/migration.sql","NOT FOUND"
"EntityMediaLink","entity_media_links","mediaAsset","MediaAsset","media_asset_id","id","implicit","implicit","RESTRICT","CASCADE","20260831180000_initial/migration.sql","present"
"ProductBarcode","product_barcodes","company","Company","company_id","id","Restrict","implicit","RESTRICT","CASCADE","20260831180000_initial/migration.sql","NOT FOUND"
"ProductBarcode","product_barcodes","product","Product","product_id","id","implicit","implicit","RESTRICT","CASCADE","20260831180000_initial/migration.sql","present"
"ProductBarcode","product_barcodes","unit","Unit","unit_id","id","implicit","implicit","SET NULL","CASCADE","20260831180000_initial/migration.sql","present"
"ProductUnitOption","product_unit_options","company","Company","company_id","id","Restrict","implicit","RESTRICT","CASCADE","20260831180000_initial/migration.sql","NOT FOUND"
"ProductUnitOption","product_unit_options","product","Product","product_id","id","Restrict","implicit","RESTRICT","CASCADE","20260831180000_initial/migration.sql","present"
"ProductUnitOption","product_unit_options","unit","Unit","unit_id","id","Restrict","implicit","RESTRICT","CASCADE","20260831180000_initial/migration.sql","present"
"ProductComboItem","product_combo_items","company","Company","company_id","id","Restrict","implicit","RESTRICT","CASCADE","20260831180000_initial/migration.sql","NOT FOUND"
"ProductComboItem","product_combo_items","comboProduct","Product","combo_product_id","id","Restrict","implicit","RESTRICT","CASCADE","20260831180000_initial/migration.sql","present"
"ProductComboItem","product_combo_items","componentProduct","Product","component_product_id","id","Restrict","implicit","RESTRICT","CASCADE","20260831180000_initial/migration.sql","present"
"ProductComboItem","product_combo_items","componentUnit","Unit","component_unit_id","id","implicit","implicit","RESTRICT","CASCADE","20260831180000_initial/migration.sql","present"
"DiscountPolicy","discount_policies","company","Company","company_id","id","Restrict","implicit","RESTRICT","CASCADE","20260831180000_initial/migration.sql","NOT FOUND"
"DiscountPolicy","discount_policies","product","Product","product_id","id","implicit","implicit","SET NULL","CASCADE","20260831180000_initial/migration.sql","present"
"DiscountPolicy","discount_policies","category","Category","category_id","id","implicit","implicit","SET NULL","CASCADE","20260831180000_initial/migration.sql","present"
"DiscountPolicy","discount_policies","customerGroup","CustomerGroup","customer_group_id","id","implicit","implicit","SET NULL","CASCADE","20260831180000_initial/migration.sql","present"
"DiscountPolicy","discount_policies","branch","Branch","branch_id","id","implicit","implicit","SET NULL","CASCADE","20260831180000_initial/migration.sql","present"
"ProductPrice","product_prices","company","Company","company_id","id","Restrict","implicit","RESTRICT","CASCADE","20260831180000_initial/migration.sql","NOT FOUND"
"ProductPrice","product_prices","product","Product","product_id","id","implicit","implicit","RESTRICT","CASCADE","20260831180000_initial/migration.sql","present"
"ProductPrice","product_prices","branch","Branch","branch_id","id","Restrict","Restrict","RESTRICT","RESTRICT","20260831180000_initial/migration.sql","present"
"ProductPrice","product_prices","customerGroup","CustomerGroup","customer_group_id","id","Restrict","Restrict","RESTRICT","RESTRICT","20260831180000_initial/migration.sql","present"
"ProductPrice","product_prices","currency","Currency","currency_code","code","implicit","implicit","RESTRICT","CASCADE","20260831180000_initial/migration.sql","N/A"
"TaxCode","tax_codes","company","Company","company_id","id","Restrict","implicit","RESTRICT","CASCADE","20260831180000_initial/migration.sql","NOT FOUND"
"TaxComponent","tax_components","company","Company","company_id","id","Restrict","implicit","RESTRICT","CASCADE","20260831180000_initial/migration.sql","NOT FOUND"
"TaxComponent","tax_components","inputAccount","ChartOfAccount","input_account_id","id","implicit","implicit","SET NULL","CASCADE","20260831180000_initial/migration.sql","present"
"TaxComponent","tax_components","outputAccount","ChartOfAccount","output_account_id","id","implicit","implicit","SET NULL","CASCADE","20260831180000_initial/migration.sql","present"
"TaxCodeComponent","tax_code_components","taxCode","TaxCode","tax_code_id","id","Cascade","implicit","CASCADE","CASCADE","20260831180000_initial/migration.sql","N/A"
"TaxCodeComponent","tax_code_components","taxComponent","TaxComponent","tax_component_id","id","Restrict","implicit","RESTRICT","CASCADE","20260831180000_initial/migration.sql","N/A"
"WithholdingRule","withholding_rules","company","Company","company_id","id","Restrict","implicit","RESTRICT","CASCADE","20260831180000_initial/migration.sql","NOT FOUND"
"ConfigurationValue","configuration_values","company","Company","company_id","id","Restrict","implicit","RESTRICT","CASCADE","20260831180000_initial/migration.sql","NOT FOUND"
"ConfigurationValue","configuration_values","definition","ConfigurationDefinition","definition_key","key","implicit","implicit","RESTRICT","CASCADE","20260831180000_initial/migration.sql","N/A"
"ConfigurationValue","configuration_values","updater","User","updated_by","id","implicit","implicit","RESTRICT","CASCADE","20260831180000_initial/migration.sql","present"
"PosProfile","pos_profiles","company","Company","company_id","id","Restrict","implicit","RESTRICT","CASCADE","20260831180000_initial/migration.sql","NOT FOUND"
"PosProfile","pos_profiles","branch","Branch","branch_id","id","implicit","implicit","RESTRICT","CASCADE","20260831180000_initial/migration.sql","present"
"PosProfile","pos_profiles","defaultWarehouse","Warehouse","default_warehouse_id","id","implicit","implicit","RESTRICT","CASCADE","20260831180000_initial/migration.sql","present"
"PosProfile","pos_profiles","receiptTemplate","DocumentTemplate","receipt_template_id","id","implicit","implicit","SET NULL","CASCADE","20260831180000_initial/migration.sql","present"
"PosProfile","pos_profiles","invoiceTemplate","DocumentTemplate","invoice_template_id","id","implicit","implicit","SET NULL","CASCADE","20260831180000_initial/migration.sql","present"
"DocumentTemplate","document_templates","company","Company","company_id","id","Restrict","implicit","RESTRICT","CASCADE","20260831180000_initial/migration.sql","NOT FOUND"
"DocumentTemplate","document_templates","approver","User","approved_by","id","implicit","implicit","SET NULL","CASCADE","20260831180000_initial/migration.sql","present"
"CompanyLanguage","company_languages","company","Company","company_id","id","Cascade","implicit","CASCADE","CASCADE","20260831180000_initial/migration.sql","NOT FOUND"
"CompanyLanguage","company_languages","language","SupportedLanguage","locale","locale","implicit","implicit","RESTRICT","CASCADE","20260831180000_initial/migration.sql","N/A"
"TranslationOverride","translation_overrides","company","Company","company_id","id","Restrict","implicit","RESTRICT","CASCADE","20260831180000_initial/migration.sql","NOT FOUND"
"TranslationOverride","translation_overrides","language","SupportedLanguage","locale","locale","implicit","implicit","RESTRICT","CASCADE","20260831180000_initial/migration.sql","N/A"
"TranslationOverride","translation_overrides","updater","User","updated_by","id","implicit","implicit","RESTRICT","CASCADE","20260831180000_initial/migration.sql","present"
"FeatureFlag","feature_flags","company","Company","company_id","id","Restrict","implicit","RESTRICT","CASCADE","20260831180000_initial/migration.sql","NOT FOUND"
"FeatureFlag","feature_flags","updater","User","updated_by","id","implicit","implicit","RESTRICT","CASCADE","20260831180000_initial/migration.sql","present"
"DashboardPreference","dashboard_preferences","user","User","userId","id","Cascade","implicit","CASCADE","CASCADE","20260831180000_initial/migration.sql","present"
"DashboardPreference","dashboard_preferences","company","Company","company_id","id","Restrict","implicit","RESTRICT","CASCADE","20260831180000_initial/migration.sql","NOT FOUND"
"SalesTarget","sales_targets","company","Company","company_id","id","Restrict","implicit","RESTRICT","CASCADE","20260831180000_initial/migration.sql","NOT FOUND"
"SalesTarget","sales_targets","branch","Branch","branch_id","id","implicit","implicit","RESTRICT","CASCADE","20260831180000_initial/migration.sql","present"
"SalesTarget","sales_targets","user","User","user_id","id","implicit","implicit","SET NULL","CASCADE","20260831180000_initial/migration.sql","present"
"SalesTarget","sales_targets","creator","User","created_by","id","implicit","implicit","RESTRICT","CASCADE","20260831180000_initial/migration.sql","present"
"SavedReportFilter","saved_report_filters","company","Company","company_id","id","Restrict","implicit","RESTRICT","CASCADE","20260831180000_initial/migration.sql","NOT FOUND"
"SavedReportFilter","saved_report_filters","user","User","user_id","id","implicit","implicit","RESTRICT","CASCADE","20260831180000_initial/migration.sql","present"
"ReportExportJob","report_export_jobs","company","Company","company_id","id","Restrict","implicit","RESTRICT","CASCADE","20260831180000_initial/migration.sql","NOT FOUND"
"ReportExportJob","report_export_jobs","requester","User","requested_by","id","implicit","implicit","RESTRICT","CASCADE","20260831180000_initial/migration.sql","present"
"ReportExportJob","report_export_jobs","outputMedia","MediaAsset","output_media_id","id","implicit","implicit","SET NULL","CASCADE","20260831180000_initial/migration.sql","present"
"SupportTicket","support_tickets","company","Company","company_id","id","Restrict","implicit","RESTRICT","CASCADE","20260831180000_initial/migration.sql","NOT FOUND"
"SupportTicket","support_tickets","opener","User","opened_by","id","implicit","implicit","RESTRICT","CASCADE","20260831180000_initial/migration.sql","present"
"SupportTicket","support_tickets","assignee","User","assigned_to","id","implicit","implicit","SET NULL","CASCADE","20260831180000_initial/migration.sql","present"
"SupportTicketMessage","support_ticket_messages","company","Company","company_id","id","Restrict","implicit","RESTRICT","CASCADE","20260831180000_initial/migration.sql","NOT FOUND"
"SupportTicketMessage","support_ticket_messages","ticket","SupportTicket","support_ticket_id","id","implicit","implicit","RESTRICT","CASCADE","20260831180000_initial/migration.sql","present"
"SupportTicketMessage","support_ticket_messages","author","User","author_user_id","id","implicit","implicit","RESTRICT","CASCADE","20260831180000_initial/migration.sql","present"
"CommunicationTemplate","communication_templates","company","Company","company_id","id","Restrict","implicit","RESTRICT","CASCADE","20260831180000_initial/migration.sql","NOT FOUND"
"CommunicationTemplate","communication_templates","language","SupportedLanguage","locale","locale","implicit","implicit","RESTRICT","CASCADE","20260831180000_initial/migration.sql","N/A"
"CommunicationTemplate","communication_templates","approver","User","approved_by","id","implicit","implicit","SET NULL","CASCADE","20260831180000_initial/migration.sql","present"
"WarehouseStock","warehouse_stocks","company","Company","company_id","id","Restrict","implicit","RESTRICT","CASCADE","20260831180000_initial/migration.sql","NOT FOUND"
"WarehouseStock","warehouse_stocks","warehouse","Warehouse","warehouse_id","id","implicit","implicit","RESTRICT","CASCADE","20260831180000_initial/migration.sql","present"
"WarehouseStock","warehouse_stocks","product","Product","product_id","id","implicit","implicit","RESTRICT","CASCADE","20260831180000_initial/migration.sql","present"
"StockMovement","stock_movements","company","Company","company_id","id","Restrict","implicit","RESTRICT","CASCADE","20260831180000_initial/migration.sql","NOT FOUND"
"StockMovement","stock_movements","businessEvent","BusinessEvent","event_id","id","implicit","implicit","RESTRICT","CASCADE","20260831180000_initial/migration.sql","present"
"StockMovement","stock_movements","warehouse","Warehouse","warehouse_id","id","implicit","implicit","RESTRICT","CASCADE","20260831180000_initial/migration.sql","present"
"StockMovement","stock_movements","product","Product","product_id","id","implicit","implicit","RESTRICT","CASCADE","20260831180000_initial/migration.sql","present"
"StockMovement","stock_movements","reversalOf","StockMovement","reversal_of_movement_id","id","implicit","implicit","SET NULL","CASCADE","20260831180000_initial/migration.sql","present"
"StockReservation","stock_reservations","company","Company","company_id","id","Restrict","implicit","RESTRICT","CASCADE","20260831180000_initial/migration.sql","NOT FOUND"
"StockReservation","stock_reservations","warehouse","Warehouse","warehouse_id","id","implicit","implicit","RESTRICT","CASCADE","20260831180000_initial/migration.sql","present"
"StockReservation","stock_reservations","product","Product","product_id","id","implicit","implicit","RESTRICT","CASCADE","20260831180000_initial/migration.sql","present"
"ProductBatch","product_batches","company","Company","company_id","id","Restrict","implicit","RESTRICT","CASCADE","20260831180000_initial/migration.sql","NOT FOUND"
"ProductBatch","product_batches","product","Product","product_id","id","implicit","implicit","RESTRICT","CASCADE","20260831180000_initial/migration.sql","present"
"ProductBatch","product_batches","warehouse","Warehouse","warehouse_id","id","implicit","implicit","RESTRICT","CASCADE","20260831180000_initial/migration.sql","present"
"StockMovementBatch","stock_movement_batches","stockMovement","StockMovement","stock_movement_id","id","Restrict","implicit","RESTRICT","CASCADE","20260831180000_initial/migration.sql","present"
"StockMovementBatch","stock_movement_batches","productBatch","ProductBatch","product_batch_id","id","Restrict","implicit","RESTRICT","CASCADE","20260831180000_initial/migration.sql","present"
"StockMovementBatch","stock_movement_batches","company","Company","company_id","id","Restrict","implicit","RESTRICT","CASCADE","20260831180000_initial/migration.sql","NOT FOUND"
"ProductSerial","product_serials","company","Company","company_id","id","Restrict","implicit","RESTRICT","CASCADE","20260831180000_initial/migration.sql","NOT FOUND"
"ProductSerial","product_serials","product","Product","product_id","id","implicit","implicit","RESTRICT","CASCADE","20260831180000_initial/migration.sql","present"
"ProductSerial","product_serials","currentWarehouse","Warehouse","current_warehouse_id","id","implicit","implicit","SET NULL","CASCADE","20260831180000_initial/migration.sql","present"
"ProductSerial","product_serials","currentReservation","StockReservation","current_reservation_id","id","implicit","implicit","SET NULL","CASCADE","20260831180000_initial/migration.sql","present"
"ProductSerial","product_serials","originatingPurchaseItem","PurchaseItem","originating_purchase_item_id","id","implicit","implicit","SET NULL","CASCADE","20260831180000_initial/migration.sql","present"
"SerialEvent","serial_events","company","Company","company_id","id","Restrict","implicit","RESTRICT","CASCADE","20260831180000_initial/migration.sql","NOT FOUND"
"SerialEvent","serial_events","serial","ProductSerial","serial_id","id","implicit","implicit","RESTRICT","CASCADE","20260831180000_initial/migration.sql","present"
"SerialEvent","serial_events","businessEvent","BusinessEvent","event_id","id","implicit","implicit","RESTRICT","CASCADE","20260831180000_initial/migration.sql","present"
"SerialEvent","serial_events","stockMovement","StockMovement","stock_movement_id","id","implicit","implicit","SET NULL","CASCADE","20260831180000_initial/migration.sql","present"
"SerialEvent","serial_events","fromWarehouse","Warehouse","from_warehouse_id","id","implicit","implicit","SET NULL","CASCADE","20260831180000_initial/migration.sql","present"
"SerialEvent","serial_events","toWarehouse","Warehouse","to_warehouse_id","id","implicit","implicit","SET NULL","CASCADE","20260831180000_initial/migration.sql","present"
"InventoryReasonCode","inventory_reason_codes","company","Company","company_id","id","Restrict","implicit","RESTRICT","CASCADE","20260831180000_initial/migration.sql","NOT FOUND"
"StockCount","stock_counts","company","Company","company_id","id","Restrict","implicit","RESTRICT","CASCADE","20260831180000_initial/migration.sql","NOT FOUND"
"StockCount","stock_counts","branch","Branch","branch_id","id","implicit","implicit","RESTRICT","CASCADE","20260831180000_initial/migration.sql","present"
"StockCount","stock_counts","warehouse","Warehouse","warehouse_id","id","implicit","implicit","RESTRICT","CASCADE","20260831180000_initial/migration.sql","present"
"StockCount","stock_counts","category","Category","category_id","id","implicit","implicit","SET NULL","CASCADE","20260831180000_initial/migration.sql","present"
"StockCount","stock_counts","brand","Brand","brand_id","id","implicit","implicit","SET NULL","CASCADE","20260831180000_initial/migration.sql","present"
"StockCountItem","stock_count_items","company","Company","company_id","id","Restrict","implicit","RESTRICT","CASCADE","20260831180000_initial/migration.sql","NOT FOUND"
"StockCountItem","stock_count_items","stockCount","StockCount","stock_count_id","id","Restrict","implicit","RESTRICT","CASCADE","20260831180000_initial/migration.sql","present"
"StockCountItem","stock_count_items","product","Product","product_id","id","implicit","implicit","RESTRICT","CASCADE","20260831180000_initial/migration.sql","present"
"StockCountItem","stock_count_items","batch","ProductBatch","batch_id","id","implicit","implicit","SET NULL","CASCADE","20260831180000_initial/migration.sql","present"
"StockCountItem","stock_count_items","reasonCode","InventoryReasonCode","reason_code_id","id","implicit","implicit","SET NULL","CASCADE","20260831180000_initial/migration.sql","present"
"StockCountSerial","stock_count_serials","company","Company","company_id","id","Restrict","implicit","RESTRICT","CASCADE","20260831180000_initial/migration.sql","NOT FOUND"
"StockCountSerial","stock_count_serials","stockCountItem","StockCountItem","stock_count_item_id","id","implicit","implicit","RESTRICT","CASCADE","20260831180000_initial/migration.sql","present"
"StockCountSerial","stock_count_serials","serial","ProductSerial","serial_id","id","implicit","implicit","SET NULL","CASCADE","20260831180000_initial/migration.sql","present"
"StockAdjustment","stock_adjustments","company","Company","company_id","id","Restrict","implicit","RESTRICT","CASCADE","20260831180000_initial/migration.sql","NOT FOUND"
"StockAdjustment","stock_adjustments","branch","Branch","branch_id","id","implicit","implicit","RESTRICT","CASCADE","20260831180000_initial/migration.sql","present"
"StockAdjustment","stock_adjustments","warehouse","Warehouse","warehouse_id","id","implicit","implicit","RESTRICT","CASCADE","20260831180000_initial/migration.sql","present"
"StockAdjustment","stock_adjustments","reasonCode","InventoryReasonCode","reason_code_id","id","implicit","implicit","RESTRICT","CASCADE","20260831180000_initial/migration.sql","present"
"StockAdjustment","stock_adjustments","sourceStockCount","StockCount","source_stock_count_id","id","implicit","implicit","SET NULL","CASCADE","20260831180000_initial/migration.sql","present"
"StockAdjustment","stock_adjustments","reversalOf","StockAdjustment","reversal_of_id","id","implicit","implicit","SET NULL","CASCADE","20260831180000_initial/migration.sql","present"
"StockAdjustmentItem","stock_adjustment_items","company","Company","company_id","id","Restrict","implicit","RESTRICT","CASCADE","20260831180000_initial/migration.sql","NOT FOUND"
"StockAdjustmentItem","stock_adjustment_items","stockAdjustment","StockAdjustment","stock_adjustment_id","id","implicit","implicit","RESTRICT","CASCADE","20260831180000_initial/migration.sql","present"
"StockAdjustmentItem","stock_adjustment_items","product","Product","product_id","id","implicit","implicit","RESTRICT","CASCADE","20260831180000_initial/migration.sql","present"
"StockAdjustmentItem","stock_adjustment_items","batch","ProductBatch","batch_id","id","implicit","implicit","SET NULL","CASCADE","20260831180000_initial/migration.sql","present"
"StockAdjustmentItem","stock_adjustment_items","businessEvent","BusinessEvent","event_id","id","implicit","implicit","SET NULL","CASCADE","20260831180000_initial/migration.sql","present"
"StockAdjustmentItemSerial","stock_adjustment_item_serials","stockAdjustmentItem","StockAdjustmentItem","stock_adjustment_item_id","id","Restrict","implicit","RESTRICT","CASCADE","20260831180000_initial/migration.sql","N/A"
"StockAdjustmentItemSerial","stock_adjustment_item_serials","serial","ProductSerial","serial_id","id","Restrict","implicit","RESTRICT","CASCADE","20260831180000_initial/migration.sql","N/A"
"Customer","customers","company","Company","company_id","id","Restrict","implicit","RESTRICT","CASCADE","20260831180000_initial/migration.sql","NOT FOUND"
"Customer","customers","customerGroup","CustomerGroup","customer_group_id","id","implicit","implicit","SET NULL","CASCADE","20260831180000_initial/migration.sql","present"
"Customer","customers","preferredBranch","Branch","preferred_branch_id","id","implicit","implicit","SET NULL","CASCADE","20260831180000_initial/migration.sql","present"
"Supplier","suppliers","company","Company","company_id","id","Restrict","implicit","RESTRICT","CASCADE","20260831180000_initial/migration.sql","NOT FOUND"
"Supplier","suppliers","currency","Currency","currency_code","code","implicit","implicit","RESTRICT","CASCADE","20260831180000_initial/migration.sql","N/A"
"Purchase","purchases","company","Company","company_id","id","Restrict","implicit","RESTRICT","CASCADE","20260831180000_initial/migration.sql","NOT FOUND"
"Purchase","purchases","branch","Branch","branch_id","id","implicit","implicit","RESTRICT","CASCADE","20260831180000_initial/migration.sql","present"
"Purchase","purchases","warehouse","Warehouse","warehouse_id","id","implicit","implicit","RESTRICT","CASCADE","20260831180000_initial/migration.sql","present"
"Purchase","purchases","supplier","Supplier","supplier_id","id","implicit","implicit","RESTRICT","CASCADE","20260831180000_initial/migration.sql","present"
"Purchase","purchases","currency","Currency","currency_code","code","implicit","implicit","RESTRICT","CASCADE","20260831180000_initial/migration.sql","N/A"
"PurchaseItem","purchase_items","company","Company","company_id","id","Restrict","implicit","RESTRICT","CASCADE","20260831180000_initial/migration.sql","NOT FOUND"
"PurchaseItem","purchase_items","purchase","Purchase","purchase_id","id","implicit","implicit","RESTRICT","CASCADE","20260831180000_initial/migration.sql","present"
"PurchaseItem","purchase_items","product","Product","product_id","id","implicit","implicit","RESTRICT","CASCADE","20260831180000_initial/migration.sql","present"
"PurchaseItemTax","purchase_item_taxes","company","Company","company_id","id","Restrict","implicit","RESTRICT","CASCADE","20260831180000_initial/migration.sql","NOT FOUND"
"PurchaseItemTax","purchase_item_taxes","purchaseItem","PurchaseItem","purchase_item_id","id","implicit","implicit","RESTRICT","CASCADE","20260831180000_initial/migration.sql","present"
"PurchaseItemTax","purchase_item_taxes","taxComponent","TaxComponent","tax_component_id","id","implicit","implicit","RESTRICT","CASCADE","20260831180000_initial/migration.sql","present"
"PurchaseReceiving","purchase_receivings","company","Company","company_id","id","Restrict","implicit","RESTRICT","CASCADE","20260831180000_initial/migration.sql","NOT FOUND"
"PurchaseReceiving","purchase_receivings","branch","Branch","branch_id","id","implicit","implicit","RESTRICT","CASCADE","20260831180000_initial/migration.sql","present"
"PurchaseReceiving","purchase_receivings","warehouse","Warehouse","warehouse_id","id","implicit","implicit","RESTRICT","CASCADE","20260831180000_initial/migration.sql","present"
"PurchaseReceiving","purchase_receivings","purchase","Purchase","purchase_id","id","implicit","implicit","RESTRICT","CASCADE","20260831180000_initial/migration.sql","present"
"PurchaseReceivingItem","purchase_receiving_items","company","Company","company_id","id","Restrict","implicit","RESTRICT","CASCADE","20260831180000_initial/migration.sql","NOT FOUND"
"PurchaseReceivingItem","purchase_receiving_items","purchaseReceiving","PurchaseReceiving","purchase_receiving_id","id","implicit","implicit","RESTRICT","CASCADE","20260831180000_initial/migration.sql","present"
"PurchaseReceivingItem","purchase_receiving_items","purchaseItem","PurchaseItem","purchase_item_id","id","implicit","implicit","RESTRICT","CASCADE","20260831180000_initial/migration.sql","present"
"PurchaseReceivingItemSerial","purchase_receiving_item_serials","purchaseReceivingItem","PurchaseReceivingItem","purchase_receiving_item_id","id","Restrict","implicit","RESTRICT","CASCADE","20260831180000_initial/migration.sql","N/A"
"PurchaseReceivingItemSerial","purchase_receiving_item_serials","serial","ProductSerial","serial_id","id","Restrict","implicit","RESTRICT","CASCADE","20260831180000_initial/migration.sql","N/A"
"LandedCostDocument","landed_cost_documents","company","Company","company_id","id","Restrict","implicit","RESTRICT","CASCADE","20260831180000_initial/migration.sql","NOT FOUND"
"LandedCostDocument","landed_cost_documents","purchase","Purchase","purchase_id","id","implicit","implicit","RESTRICT","CASCADE","20260831180000_initial/migration.sql","present"
"LandedCostDocument","landed_cost_documents","supplier","Supplier","supplier_id","id","implicit","implicit","SET NULL","CASCADE","20260831180000_initial/migration.sql","present"
"LandedCostDocument","landed_cost_documents","currency","Currency","currency_code","code","implicit","implicit","RESTRICT","CASCADE","20260831180000_initial/migration.sql","N/A"
"LandedCostAllocation","landed_cost_allocations","landedCostDocument","LandedCostDocument","landed_cost_document_id","id","Restrict","implicit","RESTRICT","CASCADE","20260831180000_initial/migration.sql","N/A"
"LandedCostAllocation","landed_cost_allocations","purchaseItem","PurchaseItem","purchase_item_id","id","Restrict","implicit","RESTRICT","CASCADE","20260831180000_initial/migration.sql","N/A"
"PurchaseReturn","purchase_returns","company","Company","company_id","id","Restrict","implicit","RESTRICT","CASCADE","20260831180000_initial/migration.sql","NOT FOUND"
"PurchaseReturn","purchase_returns","branch","Branch","branch_id","id","implicit","implicit","RESTRICT","CASCADE","20260831180000_initial/migration.sql","present"
"PurchaseReturn","purchase_returns","warehouse","Warehouse","warehouse_id","id","implicit","implicit","RESTRICT","CASCADE","20260831180000_initial/migration.sql","present"
"PurchaseReturn","purchase_returns","purchase","Purchase","purchase_id","id","implicit","implicit","RESTRICT","CASCADE","20260831180000_initial/migration.sql","present"
"PurchaseReturn","purchase_returns","supplier","Supplier","supplier_id","id","implicit","implicit","RESTRICT","CASCADE","20260831180000_initial/migration.sql","present"
"PurchaseReturnItem","purchase_return_items","company","Company","company_id","id","Restrict","implicit","RESTRICT","CASCADE","20260831180000_initial/migration.sql","NOT FOUND"
"PurchaseReturnItem","purchase_return_items","purchaseReturn","PurchaseReturn","purchase_return_id","id","implicit","implicit","RESTRICT","CASCADE","20260831180000_initial/migration.sql","present"
"PurchaseReturnItem","purchase_return_items","purchaseItem","PurchaseItem","purchase_item_id","id","implicit","implicit","RESTRICT","CASCADE","20260831180000_initial/migration.sql","present"
"PurchaseReturnItemSerial","purchase_return_item_serials","purchaseReturnItem","PurchaseReturnItem","purchase_return_item_id","id","Restrict","implicit","RESTRICT","CASCADE","20260831180000_initial/migration.sql","N/A"
"PurchaseReturnItemSerial","purchase_return_item_serials","serial","ProductSerial","serial_id","id","Restrict","implicit","RESTRICT","CASCADE","20260831180000_initial/migration.sql","N/A"
"Transfer","transfers","company","Company","company_id","id","Restrict","implicit","RESTRICT","CASCADE","20260831180000_initial/migration.sql","NOT FOUND"
"Transfer","transfers","fromWarehouse","Warehouse","from_warehouse_id","id","implicit","implicit","RESTRICT","CASCADE","20260831180000_initial/migration.sql","present"
"Transfer","transfers","toWarehouse","Warehouse","to_warehouse_id","id","implicit","implicit","RESTRICT","CASCADE","20260831180000_initial/migration.sql","present"
"TransferItem","transfer_items","company","Company","company_id","id","Restrict","implicit","RESTRICT","CASCADE","20260831180000_initial/migration.sql","NOT FOUND"
"TransferItem","transfer_items","transfer","Transfer","transfer_id","id","implicit","implicit","RESTRICT","CASCADE","20260831180000_initial/migration.sql","present"
"TransferItem","transfer_items","product","Product","product_id","id","implicit","implicit","RESTRICT","CASCADE","20260831180000_initial/migration.sql","present"
"TransferItem","transfer_items","reservation","StockReservation","reservation_id","id","implicit","implicit","SET NULL","CASCADE","20260831180000_initial/migration.sql","present"
"TransferItemSerial","transfer_item_serials","transferItem","TransferItem","transfer_item_id","id","Restrict","implicit","RESTRICT","CASCADE","20260831180000_initial/migration.sql","N/A"
"TransferItemSerial","transfer_item_serials","serial","ProductSerial","serial_id","id","Restrict","implicit","RESTRICT","CASCADE","20260831180000_initial/migration.sql","N/A"
"Quotation","quotations","company","Company","company_id","id","Restrict","implicit","RESTRICT","CASCADE","20260831180000_initial/migration.sql","NOT FOUND"
"Quotation","quotations","branch","Branch","branch_id","id","implicit","implicit","RESTRICT","CASCADE","20260831180000_initial/migration.sql","present"
"Quotation","quotations","customer","Customer","customer_id","id","implicit","implicit","SET NULL","CASCADE","20260831180000_initial/migration.sql","present"
"Quotation","quotations","currency","Currency","currency_code","code","implicit","implicit","RESTRICT","CASCADE","20260831180000_initial/migration.sql","N/A"
"QuotationItem","quotation_items","company","Company","company_id","id","Restrict","implicit","RESTRICT","CASCADE","20260831180000_initial/migration.sql","NOT FOUND"
"QuotationItem","quotation_items","quotation","Quotation","quotation_id","id","Cascade","implicit","CASCADE","CASCADE","20260831180000_initial/migration.sql","present"
"QuotationItem","quotation_items","product","Product","product_id","id","implicit","implicit","RESTRICT","CASCADE","20260831180000_initial/migration.sql","present"
"Sale","sales","company","Company","company_id","id","Restrict","implicit","RESTRICT","CASCADE","20260831180000_initial/migration.sql","NOT FOUND"
"Sale","sales","branch","Branch","branch_id","id","implicit","implicit","RESTRICT","CASCADE","20260831180000_initial/migration.sql","present"
"Sale","sales","warehouse","Warehouse","warehouse_id","id","implicit","implicit","RESTRICT","CASCADE","20260831180000_initial/migration.sql","present"
"Sale","sales","customer","Customer","customer_id","id","implicit","implicit","SET NULL","CASCADE","20260831180000_initial/migration.sql","present"
"Sale","sales","currency","Currency","currency_code","code","implicit","implicit","RESTRICT","CASCADE","20260831180000_initial/migration.sql","N/A"
"Sale","sales","biller","User","biller_id","id","implicit","implicit","RESTRICT","CASCADE","20260831180000_initial/migration.sql","present"
"Sale","sales","cashierShift","CashierShift","cashier_shift_id","id","implicit","implicit","SET NULL","CASCADE","20260831180000_initial/migration.sql","present"
"Sale","sales","voidedByUser","User","voided_by","id","implicit","implicit","SET NULL","CASCADE","20260831180000_initial/migration.sql","present"
"Sale","sales","convertedFromQuotation","Quotation","quotation_id","id","implicit","implicit","SET NULL","CASCADE","20260831180000_initial/migration.sql","present"
"SaleItem","sale_items","company","Company","company_id","id","Restrict","implicit","RESTRICT","CASCADE","20260831180000_initial/migration.sql","NOT FOUND"
"SaleItem","sale_items","sale","Sale","sale_id","id","Restrict","implicit","RESTRICT","CASCADE","20260831180000_initial/migration.sql","present"
"SaleItem","sale_items","product","Product","product_id","id","implicit","implicit","RESTRICT","CASCADE","20260831180000_initial/migration.sql","present"
"SaleItemSerial","sale_item_serials","saleItem","SaleItem","sale_item_id","id","Restrict","implicit","RESTRICT","CASCADE","20260831180000_initial/migration.sql","N/A"
"SaleItemSerial","sale_item_serials","serial","ProductSerial","serial_id","id","Restrict","implicit","RESTRICT","CASCADE","20260831180000_initial/migration.sql","N/A"
"SaleItemTax","sale_item_taxes","company","Company","company_id","id","Restrict","implicit","RESTRICT","CASCADE","20260831180000_initial/migration.sql","NOT FOUND"
"SaleItemTax","sale_item_taxes","saleItem","SaleItem","sale_item_id","id","implicit","implicit","RESTRICT","CASCADE","20260831180000_initial/migration.sql","present"
"SaleItemTax","sale_item_taxes","taxComponent","TaxComponent","tax_component_id","id","implicit","implicit","RESTRICT","CASCADE","20260831180000_initial/migration.sql","present"
"SaleReturn","sale_returns","company","Company","company_id","id","Restrict","implicit","RESTRICT","CASCADE","20260831180000_initial/migration.sql","NOT FOUND"
"SaleReturn","sale_returns","branch","Branch","branch_id","id","implicit","implicit","RESTRICT","CASCADE","20260831180000_initial/migration.sql","present"
"SaleReturn","sale_returns","warehouse","Warehouse","warehouse_id","id","implicit","implicit","RESTRICT","CASCADE","20260831180000_initial/migration.sql","present"
"SaleReturn","sale_returns","sale","Sale","sale_id","id","implicit","implicit","RESTRICT","CASCADE","20260831180000_initial/migration.sql","present"
"SaleReturn","sale_returns","approver","User","approved_by","id","implicit","implicit","SET NULL","CASCADE","20260831180000_initial/migration.sql","present"
"SaleReturn","sale_returns","creator","User","created_by","id","implicit","implicit","RESTRICT","CASCADE","20260831180000_initial/migration.sql","present"
"SaleReturnItem","sale_return_items","company","Company","company_id","id","Restrict","implicit","RESTRICT","CASCADE","20260831180000_initial/migration.sql","NOT FOUND"
"SaleReturnItem","sale_return_items","saleReturn","SaleReturn","sale_return_id","id","implicit","implicit","RESTRICT","CASCADE","20260831180000_initial/migration.sql","present"
"SaleReturnItem","sale_return_items","saleItem","SaleItem","sale_item_id","id","implicit","implicit","RESTRICT","CASCADE","20260831180000_initial/migration.sql","present"
"SaleReturnItemSerial","sale_return_item_serials","saleReturnItem","SaleReturnItem","sale_return_item_id","id","Restrict","implicit","RESTRICT","CASCADE","20260831180000_initial/migration.sql","N/A"
"SaleReturnItemSerial","sale_return_item_serials","serial","ProductSerial","serial_id","id","Restrict","implicit","RESTRICT","CASCADE","20260831180000_initial/migration.sql","N/A"
"CashierShift","cashier_shifts","company","Company","company_id","id","Restrict","implicit","RESTRICT","CASCADE","20260831180000_initial/migration.sql","NOT FOUND"
"CashierShift","cashier_shifts","branch","Branch","branch_id","id","implicit","implicit","RESTRICT","CASCADE","20260831180000_initial/migration.sql","present"
"CashierShift","cashier_shifts","warehouse","Warehouse","warehouse_id","id","implicit","implicit","RESTRICT","CASCADE","20260831180000_initial/migration.sql","present"
"CashierShift","cashier_shifts","cashier","User","cashier_id","id","implicit","implicit","RESTRICT","CASCADE","20260831180000_initial/migration.sql","present"
"CashierShift","cashier_shifts","approver","User","approved_by","id","implicit","implicit","SET NULL","CASCADE","20260831180000_initial/migration.sql","present"
"CashierShift","cashier_shifts","cashAccount","FinancialAccount","cash_account_id","id","implicit","implicit","RESTRICT","CASCADE","20260831180000_initial/migration.sql","present"
"CashDrawerCount","cash_drawer_counts","company","Company","company_id","id","Restrict","implicit","RESTRICT","CASCADE","20260831180000_initial/migration.sql","NOT FOUND"
"CashDrawerCount","cash_drawer_counts","cashierShift","CashierShift","cashier_shift_id","id","implicit","implicit","RESTRICT","CASCADE","20260831180000_initial/migration.sql","present"
"CashDrawerCount","cash_drawer_counts","counter","User","counted_by","id","implicit","implicit","RESTRICT","CASCADE","20260831180000_initial/migration.sql","present"
"Payment","payments","company","Company","company_id","id","Restrict","implicit","RESTRICT","CASCADE","20260831180000_initial/migration.sql","NOT FOUND"
"Payment","payments","branch","Branch","branch_id","id","implicit","implicit","RESTRICT","CASCADE","20260831180000_initial/migration.sql","present"
"Payment","payments","customer","Customer","customer_id","id","implicit","implicit","SET NULL","CASCADE","20260831180000_initial/migration.sql","present"
"Payment","payments","supplier","Supplier","supplier_id","id","implicit","implicit","SET NULL","CASCADE","20260831180000_initial/migration.sql","present"
"Payment","payments","saleReturn","SaleReturn","sale_return_id","id","implicit","implicit","SET NULL","CASCADE","20260831180000_initial/migration.sql","present"
"Payment","payments","cashierShift","CashierShift","cashier_shift_id","id","implicit","implicit","SET NULL","CASCADE","20260831180000_initial/migration.sql","present"
"Payment","payments","financialAccount","FinancialAccount","financial_account_id","id","implicit","implicit","RESTRICT","CASCADE","20260831180000_initial/migration.sql","present"
"Payment","payments","currency","Currency","currency_code","code","implicit","implicit","RESTRICT","CASCADE","20260831180000_initial/migration.sql","N/A"
"Payment","payments","reversedPayment","Payment","reversed_payment_id","id","implicit","implicit","SET NULL","CASCADE","20260831180000_initial/migration.sql","present"
"Payment","payments","creator","User","created_by","id","implicit","implicit","RESTRICT","CASCADE","20260831180000_initial/migration.sql","present"
"PaymentAllocation","payment_allocations","company","Company","company_id","id","Restrict","implicit","RESTRICT","CASCADE","20260831180000_initial/migration.sql","NOT FOUND"
"PaymentAllocation","payment_allocations","payment","Payment","payment_id","id","implicit","implicit","RESTRICT","CASCADE","20260831180000_initial/migration.sql","present"
"PaymentAllocation","payment_allocations","businessEvent","BusinessEvent","event_id","id","implicit","implicit","RESTRICT","CASCADE","20260831180000_initial/migration.sql","present"
"PaymentAllocation","payment_allocations","sale","Sale","sale_id","id","Restrict","Restrict","RESTRICT","RESTRICT","20260831180000_initial/migration.sql","present"
"PaymentAllocation","payment_allocations","purchase","Purchase","purchase_id","id","Restrict","Restrict","RESTRICT","RESTRICT","20260831180000_initial/migration.sql","present"
"PaymentAllocation","payment_allocations","creator","User","created_by","id","implicit","implicit","RESTRICT","CASCADE","20260831180000_initial/migration.sql","present"
"ReturnRefundAllocation","return_refund_allocations","company","Company","company_id","id","Restrict","implicit","RESTRICT","CASCADE","20260831180000_initial/migration.sql","NOT FOUND"
"ReturnRefundAllocation","return_refund_allocations","payment","Payment","payment_id","id","implicit","implicit","RESTRICT","CASCADE","20260831180000_initial/migration.sql","present"
"ReturnRefundAllocation","return_refund_allocations","saleReturn","SaleReturn","sale_return_id","id","implicit","implicit","SET NULL","CASCADE","20260831180000_initial/migration.sql","present"
"Installment","installments","company","Company","company_id","id","Restrict","implicit","RESTRICT","CASCADE","20260831180000_initial/migration.sql","NOT FOUND"
"Installment","installments","sale","Sale","sale_id","id","implicit","implicit","RESTRICT","CASCADE","20260831180000_initial/migration.sql","present"
"InstallmentAllocation","installment_allocations","company","Company","company_id","id","Restrict","implicit","RESTRICT","CASCADE","20260831180000_initial/migration.sql","NOT FOUND"
"InstallmentAllocation","installment_allocations","installment","Installment","installment_id","id","implicit","implicit","RESTRICT","CASCADE","20260831180000_initial/migration.sql","present"
"InstallmentAllocation","installment_allocations","paymentAllocation","PaymentAllocation","payment_allocation_id","id","implicit","implicit","RESTRICT","CASCADE","20260831180000_initial/migration.sql","present"
"ChartOfAccount","chart_of_accounts","company","Company","company_id","id","Restrict","implicit","RESTRICT","CASCADE","20260831180000_initial/migration.sql","NOT FOUND"
"ChartOfAccount","chart_of_accounts","parent","ChartOfAccount","parent_id","id","implicit","implicit","SET NULL","CASCADE","20260831180000_initial/migration.sql","present"
"FinancialAccount","financial_accounts","company","Company","company_id","id","Restrict","implicit","RESTRICT","CASCADE","20260831180000_initial/migration.sql","NOT FOUND"
"FinancialAccount","financial_accounts","branch","Branch","branch_id","id","implicit","implicit","SET NULL","CASCADE","20260831180000_initial/migration.sql","present"
"FinancialAccount","financial_accounts","chartOfAccount","ChartOfAccount","chart_of_account_id","id","implicit","implicit","RESTRICT","CASCADE","20260831180000_initial/migration.sql","present"
"FinancialAccount","financial_accounts","currency","Currency","currency_code","code","implicit","implicit","RESTRICT","CASCADE","20260831180000_initial/migration.sql","N/A"
"FiscalPeriod","fiscal_periods","company","Company","company_id","id","Restrict","implicit","RESTRICT","CASCADE","20260831180000_initial/migration.sql","NOT FOUND"
"FiscalPeriod","fiscal_periods","locker","User","locked_by","id","implicit","implicit","SET NULL","CASCADE","20260831180000_initial/migration.sql","present"
"JournalEntry","journal_entries","company","Company","company_id","id","Restrict","implicit","RESTRICT","CASCADE","20260831180000_initial/migration.sql","NOT FOUND"
"JournalEntry","journal_entries","businessEvent","BusinessEvent","event_id","id","Restrict","implicit","RESTRICT","CASCADE","20260831180000_initial/migration.sql","present"
"JournalEntry","journal_entries","currency","Currency","currency_code","code","Restrict","implicit","RESTRICT","CASCADE","20260831180000_initial/migration.sql","N/A"
"JournalEntry","journal_entries","reversalOf","JournalEntry","reversal_of_entry_id","id","Restrict","Restrict","RESTRICT","RESTRICT","20260831180000_initial/migration.sql","present"
"JournalEntry","journal_entries","creator","User","created_by","id","Restrict","implicit","RESTRICT","CASCADE","20260831180000_initial/migration.sql","present"
"JournalEntry","journal_entries","poster","User","posted_by","id","Restrict","Restrict","RESTRICT","RESTRICT","20260831180000_initial/migration.sql","present"
"JournalLine","journal_lines","company","Company","company_id","id","Restrict","implicit","RESTRICT","CASCADE","20260831180000_initial/migration.sql","NOT FOUND"
"JournalLine","journal_lines","journalEntry","JournalEntry","journal_entry_id","id","Restrict","implicit","RESTRICT","CASCADE","20260831180000_initial/migration.sql","present"
"JournalLine","journal_lines","branch","Branch","branch_id","id","Restrict","Restrict","RESTRICT","RESTRICT","20260831180000_initial/migration.sql","present"
"JournalLine","journal_lines","chartOfAccount","ChartOfAccount","chart_of_account_id","id","Restrict","implicit","RESTRICT","CASCADE","20260831180000_initial/migration.sql","present"
"JournalLine","journal_lines","financialAccount","FinancialAccount","financial_account_id","id","Restrict","Restrict","RESTRICT","RESTRICT","20260831180000_initial/migration.sql","present"
"JournalLine","journal_lines","customer","Customer","customer_id","id","Restrict","Restrict","RESTRICT","RESTRICT","20260831180000_initial/migration.sql","present"
"JournalLine","journal_lines","supplier","Supplier","supplier_id","id","Restrict","Restrict","RESTRICT","RESTRICT","20260831180000_initial/migration.sql","present"
"JournalLine","journal_lines","product","Product","product_id","id","Restrict","Restrict","RESTRICT","RESTRICT","20260831180000_initial/migration.sql","present"
"JournalLine","journal_lines","currency","Currency","currency_code","code","Restrict","Restrict","RESTRICT","RESTRICT","20260831180000_initial/migration.sql","N/A"
"AccountingPolicy","accounting_policies","company","Company","company_id","id","Restrict","implicit","RESTRICT","CASCADE","20260831180000_initial/migration.sql","NOT FOUND"
"AccountingPolicy","accounting_policies","inventoryAccount","ChartOfAccount","inventory_account_id","id","implicit","implicit","RESTRICT","CASCADE","20260831180000_initial/migration.sql","present"
"AccountingPolicy","accounting_policies","cogsAccount","ChartOfAccount","cogs_account_id","id","implicit","implicit","RESTRICT","CASCADE","20260831180000_initial/migration.sql","present"
"AccountingPolicy","accounting_policies","salesRevenueAccount","ChartOfAccount","sales_revenue_account_id","id","implicit","implicit","RESTRICT","CASCADE","20260831180000_initial/migration.sql","present"
"AccountingPolicy","accounting_policies","arAccount","ChartOfAccount","ar_account_id","id","implicit","implicit","RESTRICT","CASCADE","20260831180000_initial/migration.sql","present"
"AccountingPolicy","accounting_policies","apAccount","ChartOfAccount","ap_account_id","id","implicit","implicit","RESTRICT","CASCADE","20260831180000_initial/migration.sql","present"
"AccountingPolicy","accounting_policies","customerAdvanceAccount","ChartOfAccount","customer_advance_account_id","id","implicit","implicit","RESTRICT","CASCADE","20260831180000_initial/migration.sql","present"
"AccountingPolicy","accounting_policies","supplierAdvanceAccount","ChartOfAccount","supplier_advance_account_id","id","implicit","implicit","RESTRICT","CASCADE","20260831180000_initial/migration.sql","present"
"AccountingPolicy","accounting_policies","purchaseVarianceAccount","ChartOfAccount","purchase_variance_account_id","id","implicit","implicit","RESTRICT","CASCADE","20260831180000_initial/migration.sql","present"
"AccountingPolicy","accounting_policies","giftCardLiabilityAccount","ChartOfAccount","gift_card_liability_account_id","id","implicit","implicit","RESTRICT","CASCADE","20260831180000_initial/migration.sql","present"
"ExpenseCategory","expense_categories","company","Company","company_id","id","Restrict","implicit","RESTRICT","CASCADE","20260831180000_initial/migration.sql","NOT FOUND"
"ExpenseCategory","expense_categories","expenseAccount","ChartOfAccount","expense_account_id","id","implicit","implicit","RESTRICT","CASCADE","20260831180000_initial/migration.sql","present"
"Expense","expenses","company","Company","company_id","id","Restrict","implicit","RESTRICT","CASCADE","20260831180000_initial/migration.sql","NOT FOUND"
"Expense","expenses","branch","Branch","branch_id","id","implicit","implicit","RESTRICT","CASCADE","20260831180000_initial/migration.sql","present"
"Expense","expenses","supplier","Supplier","supplier_id","id","implicit","implicit","SET NULL","CASCADE","20260831180000_initial/migration.sql","present"
"Expense","expenses","currency","Currency","currency_code","code","implicit","implicit","RESTRICT","CASCADE","20260831180000_initial/migration.sql","N/A"
"Expense","expenses","requester","User","requested_by","id","implicit","implicit","RESTRICT","CASCADE","20260831180000_initial/migration.sql","present"
"Expense","expenses","approver","User","approved_by","id","implicit","implicit","SET NULL","CASCADE","20260831180000_initial/migration.sql","present"
"Expense","expenses","journalEntry","JournalEntry","journal_entry_id","id","implicit","implicit","SET NULL","CASCADE","20260831180000_initial/migration.sql","present"
"ExpenseItem","expense_items","company","Company","company_id","id","Restrict","implicit","RESTRICT","CASCADE","20260831180000_initial/migration.sql","NOT FOUND"
"ExpenseItem","expense_items","expense","Expense","expense_id","id","Restrict","implicit","RESTRICT","CASCADE","20260831180000_initial/migration.sql","present"
"ExpenseItem","expense_items","expenseCategory","ExpenseCategory","expense_category_id","id","implicit","implicit","RESTRICT","CASCADE","20260831180000_initial/migration.sql","present"
"DeliveryOrder","delivery_orders","company","Company","company_id","id","Restrict","implicit","RESTRICT","CASCADE","20260831180000_initial/migration.sql","NOT FOUND"
"DeliveryOrder","delivery_orders","branch","Branch","branch_id","id","implicit","implicit","RESTRICT","CASCADE","20260831180000_initial/migration.sql","present"
"DeliveryOrder","delivery_orders","sale","Sale","sale_id","id","implicit","implicit","RESTRICT","CASCADE","20260831180000_initial/migration.sql","present"
"DeliveryOrder","delivery_orders","assignedUser","User","assigned_user_id","id","implicit","implicit","SET NULL","CASCADE","20260831180000_initial/migration.sql","present"
"DeliveryOrder","delivery_orders","creator","User","created_by","id","implicit","implicit","RESTRICT","CASCADE","20260831180000_initial/migration.sql","present"
"DeliveryItem","delivery_items","company","Company","company_id","id","Restrict","implicit","RESTRICT","CASCADE","20260831180000_initial/migration.sql","NOT FOUND"
"DeliveryItem","delivery_items","deliveryOrder","DeliveryOrder","delivery_order_id","id","implicit","implicit","RESTRICT","CASCADE","20260831180000_initial/migration.sql","present"
"DeliveryItem","delivery_items","saleItem","SaleItem","sale_item_id","id","implicit","implicit","RESTRICT","CASCADE","20260831180000_initial/migration.sql","present"
"DeliveryEvent","delivery_events","company","Company","company_id","id","Restrict","implicit","RESTRICT","CASCADE","20260831180000_initial/migration.sql","NOT FOUND"
"DeliveryEvent","delivery_events","deliveryOrder","DeliveryOrder","delivery_order_id","id","implicit","implicit","RESTRICT","CASCADE","20260831180000_initial/migration.sql","present"
"DeliveryEvent","delivery_events","creator","User","created_by","id","implicit","implicit","SET NULL","CASCADE","20260831180000_initial/migration.sql","present"
"CourierShipment","courier_shipments","company","Company","company_id","id","Restrict","implicit","RESTRICT","CASCADE","20260831180000_initial/migration.sql","NOT FOUND"
"CourierShipment","courier_shipments","deliveryOrder","DeliveryOrder","delivery_order_id","id","implicit","implicit","RESTRICT","CASCADE","20260831180000_initial/migration.sql","present"
"CourierCodSettlement","courier_cod_settlements","company","Company","company_id","id","Restrict","implicit","RESTRICT","CASCADE","20260831180000_initial/migration.sql","NOT FOUND"
"CourierCodSettlement","courier_cod_settlements","branch","Branch","branch_id","id","implicit","implicit","RESTRICT","CASCADE","20260831180000_initial/migration.sql","present"
"CourierCodSettlement","courier_cod_settlements","financialAccount","FinancialAccount","financial_account_id","id","implicit","implicit","RESTRICT","CASCADE","20260831180000_initial/migration.sql","present"
"CourierCodSettlement","courier_cod_settlements","journalEntry","JournalEntry","journal_entry_id","id","implicit","implicit","SET NULL","CASCADE","20260831180000_initial/migration.sql","present"
"CourierCodSettlement","courier_cod_settlements","creator","User","created_by","id","implicit","implicit","RESTRICT","CASCADE","20260831180000_initial/migration.sql","present"
"CourierCodSettlementItem","courier_cod_settlement_items","settlement","CourierCodSettlement","settlement_id","id","Restrict","implicit","RESTRICT","CASCADE","20260831180000_initial/migration.sql","N/A"
"CourierCodSettlementItem","courier_cod_settlement_items","deliveryOrder","DeliveryOrder","delivery_order_id","id","Restrict","implicit","RESTRICT","CASCADE","20260831180000_initial/migration.sql","N/A"
"ServiceRequest","service_requests","company","Company","company_id","id","Restrict","implicit","RESTRICT","CASCADE","20260831180000_initial/migration.sql","NOT FOUND"
"ServiceRequest","service_requests","branch","Branch","branch_id","id","implicit","implicit","RESTRICT","CASCADE","20260831180000_initial/migration.sql","present"
"ServiceRequest","service_requests","repairWarehouse","Warehouse","repair_warehouse_id","id","implicit","implicit","SET NULL","CASCADE","20260831180000_initial/migration.sql","present"
"ServiceRequest","service_requests","customer","Customer","customer_id","id","implicit","implicit","SET NULL","CASCADE","20260831180000_initial/migration.sql","present"
"ServiceRequest","service_requests","sale","Sale","sale_id","id","implicit","implicit","SET NULL","CASCADE","20260831180000_initial/migration.sql","present"
"ServiceRequest","service_requests","serviceSale","Sale","service_sale_id","id","implicit","implicit","SET NULL","CASCADE","20260831180000_initial/migration.sql","present"
"ServiceRequest","service_requests","serial","ProductSerial","serial_id","id","implicit","implicit","SET NULL","CASCADE","20260831180000_initial/migration.sql","present"
"ServiceRequest","service_requests","creator","User","created_by","id","implicit","implicit","RESTRICT","CASCADE","20260831180000_initial/migration.sql","present"
"ServiceRequestPart","service_request_parts","company","Company","company_id","id","Restrict","implicit","RESTRICT","CASCADE","20260831180000_initial/migration.sql","NOT FOUND"
"ServiceRequestPart","service_request_parts","serviceRequest","ServiceRequest","service_request_id","id","implicit","implicit","RESTRICT","CASCADE","20260831180000_initial/migration.sql","present"
"ServiceRequestPart","service_request_parts","product","Product","product_id","id","implicit","implicit","RESTRICT","CASCADE","20260831180000_initial/migration.sql","present"
"ServiceRequestPart","service_request_parts","consumedEvent","BusinessEvent","consumed_event_id","id","implicit","implicit","SET NULL","CASCADE","20260831180000_initial/migration.sql","present"
"ServiceEvent","service_events","company","Company","company_id","id","Restrict","implicit","RESTRICT","CASCADE","20260831180000_initial/migration.sql","NOT FOUND"
"ServiceEvent","service_events","serviceRequest","ServiceRequest","service_request_id","id","implicit","implicit","RESTRICT","CASCADE","20260831180000_initial/migration.sql","present"
"ServiceEvent","service_events","creator","User","created_by","id","implicit","implicit","SET NULL","CASCADE","20260831180000_initial/migration.sql","present"
"WarrantyClaim","warranty_claims","company","Company","company_id","id","Restrict","implicit","RESTRICT","CASCADE","20260831180000_initial/migration.sql","NOT FOUND"
"WarrantyClaim","warranty_claims","serviceRequest","ServiceRequest","service_request_id","id","implicit","implicit","RESTRICT","CASCADE","20260831180000_initial/migration.sql","present"
"WarrantyClaim","warranty_claims","replacementSerial","ProductSerial","replacement_serial_id","id","implicit","implicit","SET NULL","CASCADE","20260831180000_initial/migration.sql","present"
"WarrantyClaim","warranty_claims","approver","User","approved_by","id","implicit","implicit","SET NULL","CASCADE","20260831180000_initial/migration.sql","present"
"LeadSubject","lead_subjects","company","Company","company_id","id","Restrict","implicit","RESTRICT","CASCADE","20260831180000_initial/migration.sql","NOT FOUND"
"LeadSource","lead_sources","company","Company","company_id","id","Restrict","implicit","RESTRICT","CASCADE","20260831180000_initial/migration.sql","NOT FOUND"
"LeadStatus","lead_statuses","company","Company","company_id","id","Restrict","implicit","RESTRICT","CASCADE","20260831180000_initial/migration.sql","NOT FOUND"
"Lead","leads","company","Company","company_id","id","Restrict","implicit","RESTRICT","CASCADE","20260831180000_initial/migration.sql","NOT FOUND"
"Lead","leads","branch","Branch","branch_id","id","implicit","implicit","SET NULL","CASCADE","20260831180000_initial/migration.sql","present"
"Lead","leads","subject","LeadSubject","subject_id","id","implicit","implicit","SET NULL","CASCADE","20260831180000_initial/migration.sql","present"
"Lead","leads","source","LeadSource","source_id","id","implicit","implicit","SET NULL","CASCADE","20260831180000_initial/migration.sql","present"
"Lead","leads","status","LeadStatus","status_id","id","implicit","implicit","RESTRICT","CASCADE","20260831180000_initial/migration.sql","present"
"Lead","leads","assignee","User","assigned_to","id","implicit","implicit","SET NULL","CASCADE","20260831180000_initial/migration.sql","present"
"Lead","leads","convertedCustomer","Customer","converted_customer_id","id","implicit","implicit","SET NULL","CASCADE","20260831180000_initial/migration.sql","present"
"Lead","leads","creator","User","created_by","id","implicit","implicit","RESTRICT","CASCADE","20260831180000_initial/migration.sql","present"
"LeadActivity","lead_activities","company","Company","company_id","id","Restrict","implicit","RESTRICT","CASCADE","20260831180000_initial/migration.sql","NOT FOUND"
"LeadActivity","lead_activities","lead","Lead","lead_id","id","implicit","implicit","RESTRICT","CASCADE","20260831180000_initial/migration.sql","present"
"LeadActivity","lead_activities","creator","User","created_by","id","implicit","implicit","RESTRICT","CASCADE","20260831180000_initial/migration.sql","present"
"GiftCard","gift_cards","company","Company","company_id","id","Restrict","implicit","RESTRICT","CASCADE","20260831180000_initial/migration.sql","NOT FOUND"
"GiftCard","gift_cards","issuer","User","issued_by","id","implicit","implicit","RESTRICT","CASCADE","20260831180000_initial/migration.sql","present"
"Department","departments","company","Company","company_id","id","Restrict","implicit","RESTRICT","CASCADE","20260831180000_initial/migration.sql","NOT FOUND"
"Designation","designations","company","Company","company_id","id","Restrict","implicit","RESTRICT","CASCADE","20260831180000_initial/migration.sql","NOT FOUND"
"Employee","employees","company","Company","company_id","id","Restrict","implicit","RESTRICT","CASCADE","20260831180000_initial/migration.sql","NOT FOUND"
"Employee","employees","user","User","user_id","id","implicit","implicit","SET NULL","CASCADE","20260831180000_initial/migration.sql","present"
"Employee","employees","branch","Branch","branch_id","id","implicit","implicit","RESTRICT","CASCADE","20260831180000_initial/migration.sql","present"
"Employee","employees","department","Department","department_id","id","implicit","implicit","SET NULL","CASCADE","20260831180000_initial/migration.sql","present"
"Employee","employees","designation","Designation","designation_id","id","implicit","implicit","SET NULL","CASCADE","20260831180000_initial/migration.sql","present"
"PayrollRun","payroll_runs","company","Company","company_id","id","Restrict","implicit","RESTRICT","CASCADE","20260831180000_initial/migration.sql","NOT FOUND"
"PayrollRun","payroll_runs","branch","Branch","branch_id","id","implicit","implicit","SET NULL","CASCADE","20260831180000_initial/migration.sql","present"
"PayrollRun","payroll_runs","approver","User","approved_by","id","implicit","implicit","SET NULL","CASCADE","20260831180000_initial/migration.sql","present"
"PayrollRun","payroll_runs","creator","User","created_by","id","implicit","implicit","RESTRICT","CASCADE","20260831180000_initial/migration.sql","present"
"Notification","notifications","company","Company","company_id","id","Restrict","implicit","RESTRICT","CASCADE","20260831180000_initial/migration.sql","NOT FOUND"
"OutboxEvent","outbox_events","company","Company","company_id","id","Restrict","implicit","RESTRICT","CASCADE","20260831180000_initial/migration.sql","NOT FOUND"
"OutboxEvent","outbox_events","businessEvent","BusinessEvent","business_event_id","id","implicit","implicit","RESTRICT","CASCADE","20260831180000_initial/migration.sql","present"
"WebhookEndpoint","webhook_endpoints","company","Company","company_id","id","Restrict","implicit","RESTRICT","CASCADE","20260831180000_initial/migration.sql","NOT FOUND"
"WebhookDelivery","webhook_deliveries","company","Company","company_id","id","Restrict","implicit","RESTRICT","CASCADE","20260831180000_initial/migration.sql","NOT FOUND"
"WebhookDelivery","webhook_deliveries","webhookEndpoint","WebhookEndpoint","webhook_endpoint_id","id","implicit","implicit","RESTRICT","CASCADE","20260831180000_initial/migration.sql","present"
"WebhookDelivery","webhook_deliveries","outboxEvent","OutboxEvent","outbox_event_id","id","implicit","implicit","RESTRICT","CASCADE","20260831180000_initial/migration.sql","present"
"ImportJob","import_jobs","company","Company","company_id","id","Restrict","implicit","RESTRICT","CASCADE","20260831180000_initial/migration.sql","NOT FOUND"
"ImportJobError","import_job_errors","company","Company","company_id","id","Restrict","implicit","RESTRICT","CASCADE","20260831180000_initial/migration.sql","NOT FOUND"
"ImportJobError","import_job_errors","importJob","ImportJob","import_job_id","id","Cascade","implicit","CASCADE","CASCADE","20260831180000_initial/migration.sql","present"
"OfflineCommand","offline_commands","company","Company","company_id","id","Restrict","implicit","RESTRICT","CASCADE","20260831180000_initial/migration.sql","NOT FOUND"
"OfflineSyncBatch","offline_sync_batches","company","Company","company_id","id","Restrict","implicit","RESTRICT","CASCADE","20260831180000_initial/migration.sql","NOT FOUND"
"AccountTransfer","account_transfers","company","Company","company_id","id","Restrict","implicit","RESTRICT","CASCADE","20260831180000_initial/migration.sql","NOT FOUND"
"AccountTransfer","account_transfers","branch","Branch","branch_id","id","implicit","implicit","RESTRICT","CASCADE","20260831180000_initial/migration.sql","present"
"AccountTransfer","account_transfers","fromFinancialAccount","FinancialAccount","from_financial_account_id","id","implicit","implicit","RESTRICT","CASCADE","20260831180000_initial/migration.sql","present"
"AccountTransfer","account_transfers","toFinancialAccount","FinancialAccount","to_financial_account_id","id","implicit","implicit","RESTRICT","CASCADE","20260831180000_initial/migration.sql","present"
"AccountTransfer","account_transfers","fromCurrency","Currency","from_currency_code","code","implicit","implicit","RESTRICT","CASCADE","20260831180000_initial/migration.sql","N/A"
"AccountTransfer","account_transfers","toCurrency","Currency","to_currency_code","code","implicit","implicit","RESTRICT","CASCADE","20260831180000_initial/migration.sql","N/A"
"AccountTransfer","account_transfers","journalEntry","JournalEntry","journal_entry_id","id","implicit","implicit","SET NULL","CASCADE","20260831180000_initial/migration.sql","present"
"AccountTransfer","account_transfers","reversalOf","AccountTransfer","reversal_of_id","id","implicit","implicit","SET NULL","CASCADE","20260831180000_initial/migration.sql","present"
"AccountTransfer","account_transfers","creator","User","created_by","id","implicit","implicit","RESTRICT","CASCADE","20260831180000_initial/migration.sql","present"
"AccountTransfer","account_transfers","approver","User","approved_by","id","implicit","implicit","SET NULL","CASCADE","20260831180000_initial/migration.sql","present"
"CustomerAdvanceLedger","customer_advance_ledger","company","Company","company_id","id","Restrict","implicit","RESTRICT","CASCADE","20260831180000_initial/migration.sql","NOT FOUND"
"CustomerAdvanceLedger","customer_advance_ledger","customer","Customer","customer_id","id","Restrict","implicit","RESTRICT","CASCADE","20260831180000_initial/migration.sql","present"
"CustomerAdvanceLedger","customer_advance_ledger","payment","Payment","payment_id","id","Restrict","Restrict","RESTRICT","RESTRICT","20260831180000_initial/migration.sql","present"
"CustomerAdvanceLedger","customer_advance_ledger","saleReturn","SaleReturn","sale_return_id","id","Restrict","Restrict","RESTRICT","RESTRICT","20260831180000_initial/migration.sql","present"
"CustomerAdvanceLedger","customer_advance_ledger","businessEvent","BusinessEvent","event_id","id","Restrict","implicit","RESTRICT","CASCADE","20260831180000_initial/migration.sql","present"
"CustomerAdvanceLedger","customer_advance_ledger","creator","User","created_by","id","Restrict","implicit","RESTRICT","CASCADE","20260831180000_initial/migration.sql","present"
"SupplierAdvanceLedger","supplier_advance_ledger","company","Company","company_id","id","Restrict","implicit","RESTRICT","CASCADE","20260831180000_initial/migration.sql","NOT FOUND"
"SupplierAdvanceLedger","supplier_advance_ledger","supplier","Supplier","supplier_id","id","Restrict","implicit","RESTRICT","CASCADE","20260831180000_initial/migration.sql","present"
"SupplierAdvanceLedger","supplier_advance_ledger","payment","Payment","payment_id","id","Restrict","Restrict","RESTRICT","RESTRICT","20260831180000_initial/migration.sql","present"
"SupplierAdvanceLedger","supplier_advance_ledger","purchaseReturn","PurchaseReturn","purchase_return_id","id","Restrict","Restrict","RESTRICT","RESTRICT","20260831180000_initial/migration.sql","present"
"SupplierAdvanceLedger","supplier_advance_ledger","businessEvent","BusinessEvent","event_id","id","Restrict","implicit","RESTRICT","CASCADE","20260831180000_initial/migration.sql","present"
"SupplierAdvanceLedger","supplier_advance_ledger","creator","User","created_by","id","Restrict","implicit","RESTRICT","CASCADE","20260831180000_initial/migration.sql","present"
"WithholdingTransaction","withholding_transactions","company","Company","company_id","id","Restrict","implicit","RESTRICT","CASCADE","20260831180000_initial/migration.sql","NOT FOUND"
"WithholdingTransaction","withholding_transactions","payment","Payment","payment_id","id","implicit","implicit","RESTRICT","CASCADE","20260831180000_initial/migration.sql","present"
"WithholdingTransaction","withholding_transactions","withholdingRule","WithholdingRule","withholding_rule_id","id","implicit","implicit","RESTRICT","CASCADE","20260831180000_initial/migration.sql","present"
"WithholdingTransaction","withholding_transactions","supplier","Supplier","supplier_id","id","implicit","implicit","SET NULL","CASCADE","20260831180000_initial/migration.sql","present"
"WithholdingTransaction","withholding_transactions","customer","Customer","customer_id","id","implicit","implicit","SET NULL","CASCADE","20260831180000_initial/migration.sql","present"
"ExpenseItemTax","expense_item_taxes","company","Company","company_id","id","Restrict","implicit","RESTRICT","CASCADE","20260831180000_initial/migration.sql","NOT FOUND"
"ExpenseItemTax","expense_item_taxes","expenseItem","ExpenseItem","expense_item_id","id","Restrict","implicit","RESTRICT","CASCADE","20260831180000_initial/migration.sql","present"
"ExpenseItemTax","expense_item_taxes","taxComponent","TaxComponent","tax_component_id","id","implicit","implicit","RESTRICT","CASCADE","20260831180000_initial/migration.sql","present"
"ExpenseAttachment","expense_attachments","company","Company","company_id","id","Restrict","implicit","RESTRICT","CASCADE","20260831180000_initial/migration.sql","NOT FOUND"
"ExpenseAttachment","expense_attachments","expense","Expense","expense_id","id","implicit","implicit","RESTRICT","CASCADE","20260831180000_initial/migration.sql","present"
"ExpenseAttachment","expense_attachments","uploader","User","uploaded_by","id","implicit","implicit","RESTRICT","CASCADE","20260831180000_initial/migration.sql","present"
"GiftCardTransaction","gift_card_transactions","company","Company","company_id","id","Restrict","implicit","RESTRICT","CASCADE","20260831180000_initial/migration.sql","NOT FOUND"
"GiftCardTransaction","gift_card_transactions","giftCard","GiftCard","gift_card_id","id","implicit","implicit","RESTRICT","CASCADE","20260831180000_initial/migration.sql","present"
"Coupon","coupons","company","Company","company_id","id","Restrict","implicit","RESTRICT","CASCADE","20260831180000_initial/migration.sql","NOT FOUND"
"CouponRedemption","coupon_redemptions","company","Company","company_id","id","Restrict","implicit","RESTRICT","CASCADE","20260831180000_initial/migration.sql","NOT FOUND"
"CouponRedemption","coupon_redemptions","coupon","Coupon","coupon_id","id","implicit","implicit","RESTRICT","CASCADE","20260831180000_initial/migration.sql","present"
"CouponRedemption","coupon_redemptions","sale","Sale","sale_id","id","implicit","implicit","RESTRICT","CASCADE","20260831180000_initial/migration.sql","present"
"RewardPointTransaction","reward_point_transactions","company","Company","company_id","id","Restrict","implicit","RESTRICT","CASCADE","20260831180000_initial/migration.sql","NOT FOUND"
"RewardPointTransaction","reward_point_transactions","customer","Customer","customer_id","id","implicit","implicit","RESTRICT","CASCADE","20260831180000_initial/migration.sql","present"
"RewardPointTransaction","reward_point_transactions","sale","Sale","sale_id","id","implicit","implicit","SET NULL","CASCADE","20260831180000_initial/migration.sql","present"
"RewardPointConsumption","reward_point_consumptions","company","Company","company_id","id","Restrict","implicit","RESTRICT","CASCADE","20260831180000_initial/migration.sql","NOT FOUND"
"RewardPointConsumption","reward_point_consumptions","customer","Customer","customer_id","id","implicit","implicit","RESTRICT","CASCADE","20260831180000_initial/migration.sql","present"
"RewardPointConsumption","reward_point_consumptions","earnTxn","RewardPointTransaction","earn_transaction_id","id","implicit","implicit","RESTRICT","CASCADE","20260831180000_initial/migration.sql","present"
"RewardPointConsumption","reward_point_consumptions","consumeTxn","RewardPointTransaction","consume_transaction_id","id","implicit","implicit","RESTRICT","CASCADE","20260831180000_initial/migration.sql","present"
"Holiday","holidays","company","Company","company_id","id","Restrict","implicit","RESTRICT","CASCADE","20260831180000_initial/migration.sql","NOT FOUND"
"Holiday","holidays","branch","Branch","branch_id","id","implicit","implicit","SET NULL","CASCADE","20260831180000_initial/migration.sql","present"
"LeaveType","leave_types","company","Company","company_id","id","Restrict","implicit","RESTRICT","CASCADE","20260831180000_initial/migration.sql","NOT FOUND"
"LeaveRequest","leave_requests","company","Company","company_id","id","Restrict","implicit","RESTRICT","CASCADE","20260831180000_initial/migration.sql","NOT FOUND"
"LeaveRequest","leave_requests","employee","Employee","employee_id","id","implicit","implicit","RESTRICT","CASCADE","20260831180000_initial/migration.sql","present"
"LeaveRequest","leave_requests","leaveType","LeaveType","leave_type_id","id","implicit","implicit","RESTRICT","CASCADE","20260831180000_initial/migration.sql","present"
"PayrollComponent","payroll_components","company","Company","company_id","id","Restrict","implicit","RESTRICT","CASCADE","20260831180000_initial/migration.sql","NOT FOUND"
"PayrollComponent","payroll_components","account","ChartOfAccount","account_id","id","implicit","implicit","RESTRICT","CASCADE","20260831180000_initial/migration.sql","present"
"PayrollItemComponent","payroll_item_components","company","Company","company_id","id","Restrict","implicit","RESTRICT","CASCADE","20260831180000_initial/migration.sql","NOT FOUND"
"PayrollItemComponent","payroll_item_components","payrollComponent","PayrollComponent","payroll_component_id","id","implicit","implicit","RESTRICT","CASCADE","20260831180000_initial/migration.sql","present"
"PayrollItemComponent","payroll_item_components","payrollItem","PayrollItem","payroll_item_id","id","implicit","implicit","RESTRICT","CASCADE","20260831180000_initial/migration.sql","present"
"AttendanceRecord","attendance_records","company","Company","company_id","id","Restrict","implicit","RESTRICT","CASCADE","20260831180000_initial/migration.sql","NOT FOUND"
"AttendanceRecord","attendance_records","employee","Employee","employee_id","id","implicit","implicit","RESTRICT","CASCADE","20260831180000_initial/migration.sql","present"
"PayrollItem","payroll_items","company","Company","company_id","id","Restrict","implicit","RESTRICT","CASCADE","20260831180000_initial/migration.sql","NOT FOUND"
"PayrollItem","payroll_items","payrollRun","PayrollRun","payroll_run_id","id","implicit","implicit","RESTRICT","CASCADE","20260831180000_initial/migration.sql","present"
"PayrollItem","payroll_items","employee","Employee","employee_id","id","implicit","implicit","RESTRICT","CASCADE","20260831180000_initial/migration.sql","present"
"CommunicationConsent","communication_consents","company","Company","company_id","id","Restrict","implicit","RESTRICT","CASCADE","20260831180000_initial/migration.sql","NOT FOUND"
"CommunicationConsent","communication_consents","customer","Customer","customer_id","id","implicit","implicit","SET NULL","CASCADE","20260831180000_initial/migration.sql","present"
"CommunicationConsent","communication_consents","supplier","Supplier","supplier_id","id","implicit","implicit","SET NULL","CASCADE","20260831180000_initial/migration.sql","present"
"CommunicationCampaign","communication_campaigns","company","Company","company_id","id","Restrict","implicit","RESTRICT","CASCADE","20260831180000_initial/migration.sql","NOT FOUND"
"CommunicationCampaign","communication_campaigns","template","CommunicationTemplate","template_id","id","implicit","implicit","RESTRICT","CASCADE","20260831180000_initial/migration.sql","present"
"CommunicationCampaign","communication_campaigns","creator","User","created_by","id","implicit","implicit","RESTRICT","CASCADE","20260831180000_initial/migration.sql","present"
"CommunicationCampaign","communication_campaigns","approver","User","approved_by","id","implicit","implicit","SET NULL","CASCADE","20260831180000_initial/migration.sql","present"
"CommunicationCampaignRecipient","communication_campaign_recipients","company","Company","company_id","id","Restrict","implicit","RESTRICT","CASCADE","20260831180000_initial/migration.sql","NOT FOUND"
"CommunicationCampaignRecipient","communication_campaign_recipients","campaign","CommunicationCampaign","campaign_id","id","implicit","implicit","RESTRICT","CASCADE","20260831180000_initial/migration.sql","present"
"CommunicationCampaignRecipient","communication_campaign_recipients","customer","Customer","customer_id","id","implicit","implicit","SET NULL","CASCADE","20260831180000_initial/migration.sql","present"
"OutboundMessage","outbound_messages","company","Company","company_id","id","Restrict","implicit","RESTRICT","CASCADE","20260831180000_initial/migration.sql","NOT FOUND"
"OutboundMessage","outbound_messages","template","CommunicationTemplate","template_id","id","implicit","implicit","SET NULL","CASCADE","20260831180000_initial/migration.sql","present"
"UserNotification","user_notifications","notification","Notification","notification_id","id","Cascade","implicit","CASCADE","CASCADE","20260831180000_initial/migration.sql","N/A"
"UserNotification","user_notifications","user","User","user_id","id","Cascade","implicit","CASCADE","CASCADE","20260831180000_initial/migration.sql","N/A"
"PrintJob","print_jobs","company","Company","company_id","id","Restrict","implicit","RESTRICT","CASCADE","20260831180000_initial/migration.sql","NOT FOUND"
"PrintJob","print_jobs","requester","User","requested_by","id","implicit","implicit","RESTRICT","CASCADE","20260831180000_initial/migration.sql","present"
"StockBudgetLease","stock_budget_leases","company","Company","company_id","id","Restrict","implicit","RESTRICT","CASCADE","20260831180000_initial/migration.sql","NOT FOUND"
"StockBudgetLease","stock_budget_leases","branch","Branch","branch_id","id","implicit","implicit","RESTRICT","CASCADE","20260831180000_initial/migration.sql","present"
"StockBudgetLease","stock_budget_leases","device","Device","device_id","id","implicit","implicit","RESTRICT","CASCADE","20260831180000_initial/migration.sql","present"
"StockBudgetLease","stock_budget_leases","product","Product","product_id","id","implicit","implicit","RESTRICT","CASCADE","20260831180000_initial/migration.sql","present"
"StockBudgetLease","stock_budget_leases","warehouse","Warehouse","warehouse_id","id","implicit","implicit","RESTRICT","CASCADE","20260831180000_initial/migration.sql","present"
"RiskAssessment","risk_assessments","company","Company","company_id","id","Restrict","implicit","RESTRICT","CASCADE","20260831180000_initial/migration.sql","NOT FOUND"
"RiskAssessment","risk_assessments","requestEvent","BusinessEvent","request_event_id","id","implicit","implicit","RESTRICT","CASCADE","20260831180000_initial/migration.sql","present"
"DataSubjectRequest","data_subject_requests","company","Company","company_id","id","Restrict","implicit","RESTRICT","CASCADE","20260831180000_initial/migration.sql","NOT FOUND"
"DataSubjectRequest","data_subject_requests","customer","Customer","customer_id","id","implicit","implicit","SET NULL","CASCADE","20260831180000_initial/migration.sql","present"
"LegalHold","legal_holds","company","Company","company_id","id","Restrict","implicit","RESTRICT","CASCADE","20260831180000_initial/migration.sql","NOT FOUND"
"LegalHold","legal_holds","declarer","User","declared_by","id","implicit","implicit","RESTRICT","CASCADE","20260831180000_initial/migration.sql","present"
"RiskAssessmentOutcome","risk_assessment_outcomes","company","Company","company_id","id","Restrict","implicit","RESTRICT","CASCADE","20260831180000_initial/migration.sql","NOT FOUND"
"RiskAssessmentOutcome","risk_assessment_outcomes","riskAssessment","RiskAssessment","risk_assessment_id","id","Cascade","implicit","CASCADE","CASCADE","20260831180000_initial/migration.sql","present"
"CurrencyRevaluation","currency_revaluations","company","Company","company_id","id","Restrict","implicit","RESTRICT","CASCADE","20260831180000_initial/migration.sql","NOT FOUND"
"FixedAsset","fixed_assets","company","Company","company_id","id","Restrict","implicit","RESTRICT","CASCADE","20260831180000_initial/migration.sql","NOT FOUND"
"FixedAsset","fixed_assets","category","FixedAssetCategory","category_id","id","implicit","implicit","SET NULL","CASCADE","20260831180000_initial/migration.sql","present"
"FixedAsset","fixed_assets","branch","Branch","branch_id","id","implicit","implicit","SET NULL","CASCADE","20260831180000_initial/migration.sql","present"
"FixedAssetCategory","fixed_asset_categories","company","Company","company_id","id","Restrict","implicit","RESTRICT","CASCADE","20260831180000_initial/migration.sql","NOT FOUND"
"FixedAssetDepreciation","fixed_asset_depreciation","company","Company","company_id","id","Restrict","implicit","RESTRICT","CASCADE","20260831180000_initial/migration.sql","NOT FOUND"
"FixedAssetDepreciation","fixed_asset_depreciation","fixedAsset","FixedAsset","fixed_asset_id","id","Cascade","implicit","CASCADE","CASCADE","20260831180000_initial/migration.sql","present"
"BankReconciliation","bank_reconciliations","company","Company","company_id","id","Restrict","implicit","RESTRICT","CASCADE","20260831180000_initial/migration.sql","NOT FOUND"
"BankReconciliation","bank_reconciliations","financialAccount","FinancialAccount","financial_account_id","id","implicit","implicit","RESTRICT","CASCADE","20260831180000_initial/migration.sql","present"
"BankReconciliationLine","bank_reconciliation_lines","company","Company","company_id","id","Restrict","implicit","RESTRICT","CASCADE","20260831180000_initial/migration.sql","NOT FOUND"
"BankReconciliationLine","bank_reconciliation_lines","reconciliation","BankReconciliation","reconciliation_id","id","Cascade","implicit","CASCADE","CASCADE","20260831180000_initial/migration.sql","present"
